Title,Categoria,Temporada,Episodio,Date
Monty Python em Busca do CÃ¡lice Sagrado,,,,31/03/2020
A Vida de Brian,,,,28/03/2020
O PoÃ§o,,,,27/03/2020
Final Space: Temporada 1: CapÃ­tulo 1,,,,27/03/2020
Epidemia,,,,26/03/2020
ImpÃ©rio Romano: CalÃ­gula: O Imperador Louco: Herdeiro por direito,,,,17/03/2020
Akame ga Kill!: Temporada 1: Akame ga Kill!,,,,17/03/2020
Akame ga Kill!: Temporada 1: Mate o imperador,,,,17/03/2020
Akame ga Kill!: Temporada 1: Mate a irmÃ£zinha,,,,17/03/2020
Akame ga Kill!: Temporada 1: Acabe com o desespero,,,,17/03/2020
Akame ga Kill!: Temporada 1: Mate Syura,,,,17/03/2020
Akame ga Kill!: Temporada 1: Acabe com o destino,,,,17/03/2020
Akame ga Kill!: Temporada 1: Mate os demÃ´nios,,,,17/03/2020
Akame ga Kill!: Temporada 1: Acabe com a maldiÃ§Ã£o,,,,17/03/2020
Akame ga Kill!: Temporada 1: Mate os fantoches,,,,17/03/2020
Akame ga Kill!: Temporada 1: Acabe com a organizaÃ§Ã£o religiosa,,,,17/03/2020
Eu NÃ£o Sou um Homem FÃ¡cil,,,,25/02/2020
Uma Noite de Crime: Anarquia,,,,10/02/2020
The Good Place: Temporada 1: Tahani Al-Jamil,,,,27/01/2020
The Good Place: Temporada 1: Voar,,,,27/01/2020
The Good Place: Temporada 1: Tudo estÃ¡ bem,,,,27/01/2020
Fullmetal Alchemist: Brotherhood: Parte 1: A angÃºstia de um alquimista,,,,22/01/2020
Fullmetal Alchemist: Brotherhood: Parte 1: Cidade da heresia,,,,22/01/2020
Fullmetal Alchemist: Brotherhood: Parte 1: O primeiro dia,,,,22/01/2020
Fullmetal Alchemist: Brotherhood: Parte 1: Alquimista de AÃ§o,,,,22/01/2020
Democracia em Vertigem,,,,14/01/2020
Especial de Natal Porta dos Fundos: A Primeira TentaÃ§Ã£o de Cristo,,,,08/01/2020
O IrlandÃªs,,,,27/12/2019
Escola de rock,,,,24/12/2019
Rick and Morty: Temporada 1: A poÃ§Ã£o do Rick,,,,23/12/2019
Rick and Morty: Temporada 1: A Revolta dos Meeseeks,,,,23/12/2019
Rick and Morty: Temporada 1: Realidade Virtual,,,,23/12/2019
Rick and Morty: Temporada 1: Parque das BactÃ©rias,,,,23/12/2019
Rick and Morty: Temporada 1: CÃ£ortador de grama,,,,23/12/2019
Rick and Morty: Temporada 1: Piloto,,,,23/12/2019
Rick and Morty: Temporada 3: Rickcurtindo a Pedra,,,,22/12/2019
The Witcher: Temporada 1: Lua da traiÃ§Ã£o,,,,21/12/2019
The Witcher: Temporada 1: Apenas quatro,,,,21/12/2019
The Witcher: Temporada 1: O comeÃ§o do fim,,,,21/12/2019
Atypical: Temporada 1: Um cheiro agradÃ¡vel e neutro,,,,15/12/2019
Atypical: Temporada 1: A Julia que disse,,,,15/12/2019
Atypical: Temporada 2: Banho de suco,,,,15/12/2019
Especial de Natal Porta dos Fundos,,,,14/12/2019
NinguÃ©m TÃ¡ Olhando: Temporada 1: Vale a pena?,,,,08/12/2019
NinguÃ©m TÃ¡ Olhando: Temporada 1: O que Ã© imortal...,,,,08/12/2019
NinguÃ©m TÃ¡ Olhando: Temporada 1: (des)crenÃ§as,,,,08/12/2019
"NinguÃ©m TÃ¡ Olhando: Temporada 1: Anjo nÃ£o, angelus",,,,08/12/2019
"NinguÃ©m TÃ¡ Olhando: Temporada 1: Chupa, Hamster!",,,,08/12/2019
NinguÃ©m TÃ¡ Olhando: Temporada 1: A vida nÃ£o Ã© aleatÃ³ria por acaso,,,,07/12/2019
NinguÃ©m TÃ¡ Olhando: Temporada 1: Ai Meu Hamster,,,,07/12/2019
NinguÃ©m TÃ¡ Olhando: Temporada 1: Eita!,,,,07/12/2019
Todas as RazÃµes Para Esquecer,,,,10/11/2019
AtÃ© o Ãltimo Homem,,,,10/11/2019
Birdman ou (A Inesperada Virtude da IgnorÃ¢ncia),,,,03/11/2019
El Camino: A Breaking Bad Film,,,,28/10/2019
Quanto Tempo o Tempo Tem,,,,23/10/2019
Pulp Fiction - Tempo de violÃªncia,,,,19/10/2019
Bruna Surfistinha,,,,21/09/2019
O FÃ­sico,,,,21/09/2019
CapitÃ£o FantÃ¡stico,,,,29/08/2019
"Um maluco no pedaÃ§o: Temporada 1: Amigos, sempre amigos",,,,22/08/2019
Um maluco no pedaÃ§o: Temporada 1: NÃ£o mexa com meu porco,,,,20/08/2019
Um maluco no pedaÃ§o: Temporada 1: MissÃ£o: conquistar o pai,,,,20/08/2019
"Um maluco no pedaÃ§o: Temporada 1: Arrasa na bateria, Ashley",,,,19/08/2019
DesejarÃ¡s o noivo da sua irmÃ£,,,,09/08/2019
Amar,,,,09/08/2019
Hot Girls Wanted,,,,09/08/2019
MÃ£e e muito mais,,,,05/08/2019
Um maluco no pedaÃ§o: Temporada 1: A vida do maluco no pedaÃ§o,,,,05/08/2019
Bob Esponja: Temporada 1: O foguete da Sandy / Botas que rangem,,,,04/08/2019
Bob Esponja: Temporada 1: Monitor da classe / Festa das Ã¡guas-vivas,,,,04/08/2019
Bob Esponja: Temporada 1: O Homem Sereia e o MexilhÃ£ozinho / Picles,,,,04/08/2019
"Bob Esponja: Temporada 1: Entrega de pizza / Lar, doce abacaxi",,,,04/08/2019
Bob Esponja: Temporada 1: Vizinhos nÃ¡uticos terrÃ­veis / Escola de pilotagem,,,,04/08/2019
Bob Esponja: Temporada 1: CaÃ§ando Ã¡gua-viva / Plankton!,,,,04/08/2019
One-Punch Man: Temporada 1: O aprendiz supremo,,,,03/08/2019
"Stranger Things: Stranger Things 3: CapÃ­tulo um: EstÃ¡ me ouvindo, Suzie?",,,,02/08/2019
One-Punch Man: Temporada 1: A cidade fantasma,,,,28/07/2019
One-Punch Man: Temporada 1: O mentor supremo,,,,28/07/2019
One-Punch Man: Temporada 1: O ninja moderno,,,,28/07/2019
"Black Mirror: Temporada 5: Rachel, Jack e Ashley Too",,,,28/07/2019
"CrÃ´nicas de San Francisco: MinissÃ©rie: Hoje nÃ£o, SatanÃ¡s",,,,28/07/2019
CrÃ´nicas de San Francisco: MinissÃ©rie: O preÃ§o do petrÃ³leo,,,,28/07/2019
"Eu, tu e ela: Temporada 1: Consegue disfarÃ§ar?",,,,28/07/2019
"Eu, tu e ela: Temporada 1: Cigarros, salgadinhos e afins",,,,28/07/2019
Bob Esponja: Temporada 1: Bolhas de sabÃ£o / CalÃ§a rasgada,,,,28/07/2019
Bob Esponja: Temporada 1: Precisa-se de ajudante / Assoprador de recife / ChÃ¡ em terra firme,,,,28/07/2019
Black Mirror: Temporada 5: Smithereens,,,,26/07/2019
Eu e o Universo: Temporada 1: Sonhos,,,,25/07/2019
CrÃ´nicas de San Francisco: MinissÃ©rie: EstÃ¡ feliz agora?,,,,25/07/2019
CrÃ´nicas de San Francisco: MinissÃ©rie: Ela Ã© surtada,,,,25/07/2019
CrÃ´nicas de San Francisco: MinissÃ©rie: Voltando para casa,,,,25/07/2019
"Love, Death & Robots: Volume 1: OS TRÃS ROBÃS",,,,21/07/2019
"Love, Death & Robots: Volume 1: A VANTAGEM DE SONNIE",,,,21/07/2019
A Vigilante do AmanhÃ£: Ghost in the Shell,,,,21/07/2019
Monty Python's Flying Circus: Temporada 1: Aonde vai o CanadÃ¡,,,,19/07/2019
Black Mirror: Temporada 5: Striking Vipers,,,,19/07/2019
Shaft,,,,08/07/2019
O labirinto do fauno,,,,08/07/2019
Te Prometo Anarquia,,,,30/06/2019
O Amor no DivÃ£,,,,30/06/2019
Eu e o Universo: Temporada 1: Super-herÃ³is,,,,29/06/2019
Vikings: Temporada 1: Ataque de surpresa,,,,24/06/2019
Sem Limites,,,,20/06/2019
DEATH NOTE: Temporada 1: Confrontation,,,,18/06/2019
"Como vender drogas online (rÃ¡pido): Temporada 1: A vida nÃ£o Ã© justa, lide com isso",,,,17/06/2019
"Como vender drogas online (rÃ¡pido): Temporada 1: Nerds hoje, chefes amanhÃ£",,,,17/06/2019
DEATH NOTE: Temporada 1: Rebirth,,,,17/06/2019
Vikings: Temporada 1: O julgamento,,,,16/06/2019
Vikings: Temporada 1: DespossuÃ­do,,,,15/06/2019
Os Jovens TitÃ£s em AÃ§Ã£o: Temporada 1: SanduÃ­che lendÃ¡rio / Amamos uma torta,,,,15/06/2019
NOVA: Dentro da Mente de Einstein,,,,15/06/2019
Vikings: Temporada 1: A fÃºria dos homens do Norte,,,,12/06/2019
Eu e o Universo: Temporada 1: MÃ­dia social,,,,07/06/2019
IrmaÌo do Jorel: Temporada 1: Embarque Nessa Onda,,,,07/06/2019
Vikings: Temporada 1: Ritos de passagem,,,,29/05/2019
"Lucifer: Temporada 4: Homens de pouca fÃ©, pai",,,,28/05/2019
Baki - O CampeÃ£o: Temporada 1: Part 2: O Grande Torneio Raitai,,,,27/05/2019
Baki - O CampeÃ£o: Temporada 1: Part 2: Deus e o diabo,,,,27/05/2019
Baki - O CampeÃ£o: Temporada 1: Part 2: Derrota,,,,27/05/2019
Dilema: Parte 1: Piloto,,,,25/05/2019
Lucifer: Temporada 4: AlguÃ©m andou lendo o Inferno de Dante,,,,25/05/2019
Lucifer: Temporada 4: EstÃ¡ tudo certo,,,,25/05/2019
Constantine,,,,25/05/2019
Entre Vinho e Vinagre,,,,24/05/2019
Las leyes de la termodinÃ¡mica,,,,24/05/2019
A gente se vÃª  ontem,,,,22/05/2019
Frida,,,,18/05/2019
Um CadÃ¡ver para Sobreviver,,,,11/05/2019
ReMastered: O Diabo na Encruzilhada,,,,01/05/2019
A Garota que conquistou o tempo,,,,24/04/2019
IrmaÌo do Jorel: Temporada 1: A Caneta De 250 Cores,,,,23/04/2019
IrmaÌo do Jorel: Temporada 1: A Aterrorizante Vida Adulta,,,,23/04/2019
IrmaÌo do Jorel: Temporada 1: Jornada Matinal ImplacaÌvel,,,,23/04/2019
IrmaÌo do Jorel: Temporada 1: Natureza Totalmente Selvagem,,,,23/04/2019
"O Chefinho - De Volta aos NegÃ³cios: Temporada 2: Seja Bonzinho, BebÃª",,,,16/04/2019
Coisa Mais Linda: Temporada 1: Bem-vinda ao Rio,,,,13/04/2019
The Umbrella Academy: Temporada 1: O violino branco,,,,13/04/2019
The Umbrella Academy: Temporada 1: MudanÃ§as,,,,11/04/2019
The Umbrella Academy: Temporada 1: Ouvi um boato,,,,11/04/2019
"Love, Death & Robots: Volume 1: A GUERRA SECRETA",,,,11/04/2019
Peles,,,,10/04/2019
"Love, Death & Robots: Volume 1: HISTÃRIAS ALTERNATIVAS",,,,09/04/2019
"Love, Death & Robots: Volume 1: ERA DO GELO",,,,08/04/2019
"Love, Death & Robots: Volume 1: PONTO CEGO",,,,08/04/2019
"Love, Death & Robots: Volume 1: ZIMA BLUE",,,,08/04/2019
"Love, Death & Robots: Volume 1: 13, NÃMERO DA SORTE",,,,08/04/2019
"Love, Death & Robots: Volume 1: O LIXÃO",,,,08/04/2019
"Love, Death & Robots: Volume 1: BOA CAÃADA",,,,08/04/2019
"Love, Death & Robots: Volume 1: PARA ALÃM DA FENDA DE ÃQUILA",,,,08/04/2019
"Love, Death & Robots: Volume 1: QUANDO O IOGURTE ASSUMIU O CONTROLE",,,,08/04/2019
"Love, Death & Robots: Volume 1: SUGADOR DE ALMAS",,,,08/04/2019
"Love, Death & Robots: Volume 1: PROTEÃÃO CONTRA ALIENÃGENAS",,,,08/04/2019
"Love, Death & Robots: Volume 1: A TESTEMUNHA",,,,07/04/2019
"Love, Death & Robots: Volume 1: NOITE DE PESCARIA",,,,07/04/2019
"Love, Death & Robots: Volume 1: AJUDINHA",,,,07/04/2019
"Love, Death & Robots: Volume 1: METAMORFOS",,,,07/04/2019
Dirk Gently's Holistic Detective Agency: Temporada 1: Entusiastas,,,,16/03/2019
Dirk Gently's Holistic Detective Agency: Temporada 1: Achados e perdidos,,,,16/03/2019
Dirk Gently's Holistic Detective Agency: Temporada 1: Horizontes,,,,16/03/2019
Dirk Gently's Holistic Detective Agency: Temporada 1: Watkin,,,,12/03/2019
O Menino que Descobriu o Vento,,,,11/03/2019
Next Gen,,,,04/03/2019
The Umbrella Academy: Temporada 1: O dia que aconteceu,,,,03/03/2019
The Umbrella Academy: Temporada 1: O dia que nÃ£o aconteceu,,,,03/03/2019
The Umbrella Academy: Temporada 1: NÃºmero Cinco,,,,03/03/2019
The Umbrella Academy: Temporada 1: Sentado na Lua,,,,03/03/2019
The Umbrella Academy: Temporada 1: Comum (sÃ³ que nÃ£o),,,,25/02/2019
"The Umbrella Academy: Temporada 1: Corre, cara, corre",,,,25/02/2019
The Umbrella Academy: Temporada 1: A gente sÃ³ se encontra em casamentos e funerais,,,,17/02/2019
Velvet Buzzsaw,,,,13/02/2019
Sex Education: Temporada 1: EpisÃ³dio 6,,,,13/02/2019
Sex Education: Temporada 1: EpisÃ³dio 5,,,,13/02/2019
Sex Education: Temporada 1: EpisÃ³dio 4,,,,12/02/2019
O Lagosta,,,,09/02/2019
Como Estrelas na Terra,,,,09/02/2019
Sex Education: Temporada 1: EpisÃ³dio 3,,,,07/02/2019
Sex Education: Temporada 1: EpisÃ³dio 2,,,,07/02/2019
Sex Education: Temporada 1: EpisÃ³dio 1,,,,06/02/2019
Rocco,,,,05/02/2019
TitÃ£s: Temporada 1: TitÃ£s,,,,03/02/2019
Avatar - A lenda de Aang: Avatar - A lenda de Aang: Livro 1: Imprisoned,,,,17/01/2019
Avatar - A lenda de Aang: Avatar - A lenda de Aang: Livro 1: The King of Omashu,,,,17/01/2019
Lilo & Stitch,,,,17/01/2019
O Chefinho - De Volta aos NegÃ³cios: Temporada 2: FedorÃªncia,,,,17/01/2019
O Chefinho - De Volta aos NegÃ³cios: Temporada 2: CorporaÃ§Ã£o CrianÃ§as Super Legais,,,,17/01/2019
O Chefinho - De Volta aos NegÃ³cios: Temporada 2: Quando se Trocam as Fraldas,,,,17/01/2019
O Chefinho - De Volta aos NegÃ³cios: Temporada 1: Seis gatinhos bem posicionados,,,,17/01/2019
Baki - O CampeÃ£o: Temporada 1: Part 1: Sincronicidade,,,,05/01/2019
One-Punch Man: Temporada 1: O cientista obstinado,,,,05/01/2019
Avatar - A lenda de Aang: Avatar - A lenda de Aang: Livro 1: The Warriors of Kyoshi,,,,05/01/2019
Avatar - A lenda de Aang: Avatar - A lenda de Aang: Livro 1: The Southern Air Temple,,,,05/01/2019
Avatar - A lenda de Aang: Avatar - A lenda de Aang: Livro 1: The Avatar Returns: Parte 2,,,,05/01/2019
Avatar - A lenda de Aang: Avatar - A lenda de Aang: Livro 1: The Boy in the Iceberg: The Avatar Returns: Parte 1,,,,05/01/2019
RuPaul's Drag Race: All Stars: Temporada 4: Show de Variedades da ConstelaÃ§Ã£o das Grandes Estrelas,,,,02/01/2019
12 Horas Para Sobreviver: O Ano da EleiÃ§Ã£o,,,,01/01/2019
Hush - A Morte Ouve,,,,01/01/2019
"Murilo Couto - Eu, eu, Murilo",,,,01/01/2019
Hannah Gadsby: Nanette,,,,01/01/2019
Rodrigo Capella: Nao Recomendado Pra Sociedade,,,,01/01/2019
ADAM SANDLER 100% FRESH,,,,01/01/2019
A MaldiÃ§Ã£o da ResidÃªncia Hill: The Haunting of Hill House: Steven vÃª um fantasma,,,,29/12/2018
Mary Poppins,,,,29/12/2018
Ela Ã Demais Para Mim,,,,29/12/2018
Black Mirror: Bandersnatch,,,,29/12/2018
IrmaÌo do Jorel: Temporada 1: O Ataque Dos Piolhos Malditos,,,,24/12/2018
IrmaÌo do Jorel: Temporada 1: Expressividade MaÌxima,,,,24/12/2018
"IrmaÌo do Jorel: Temporada 1: A HistoÌria Sem ComecÌ§o, Meio E Fim",,,,24/12/2018
IrmaÌo do Jorel: Temporada 1: A Perigosa Lambada Brutal,,,,24/12/2018
IrmaÌo do Jorel: Temporada 1: O MisteÌrio Dos Bilhetinhos Ultra-Secretos,,,,24/12/2018
IrmaÌo do Jorel: Temporada 1: Jornal Do Quintal,,,,24/12/2018
IrmaÌo do Jorel: Temporada 1: NaÌo Tenha Medo Do Seu Medo,,,,24/12/2018
IrmaÌo do Jorel: Temporada 1: Clube Da Luta Livre,,,,24/12/2018
IrmaÌo do Jorel: Temporada 1: Gangorras Da RevolucÌ§aÌo,,,,24/12/2018
IrmaÌo do Jorel: Temporada 1: O Fenomenal Capacete Com Rodinhas,,,,24/12/2018
Bird Box,,,,23/12/2018
Barbie Life in the Dreamhouse: Temporada 1: Presa no armÃ¡rio,,,,23/12/2018
Rick and Morty: Temporada 3: A Rickapunhalada RicksalvaÃ§Ã£o,,,,23/12/2018
Lucifer: Temporada 2: Destruidor de lares,,,,23/12/2018
Lucifer: Temporada 2: A trilha das punhaladas,,,,21/12/2018
Lucifer: Temporada 2: Minha filha querida,,,,21/12/2018
Lucifer: Temporada 2: Eu sou um monstro,,,,21/12/2018
Lucifer: Temporada 2: Arma pesada,,,,21/12/2018
Lucifer: Temporada 2: Partes Ã­ntimas,,,,20/12/2018
Lucifer: Temporada 2: Engolidor de pecados,,,,20/12/2018
Lucifer: Temporada 2: Mentira cabeluda,,,,20/12/2018
Lucifer: Temporada 2: Direto do Inferno,,,,20/12/2018
O homem que viu o infinito,,,,18/12/2018
A Garota Dinamarquesa,,,,18/12/2018
The Last Kingdom: Temporada 1: EpisÃ³dio 2,,,,17/12/2018
Trotsky: Temporada 1: EpisÃ³dio 3,,,,17/12/2018
Trotsky: Temporada 1: EpisÃ³dio 2,,,,17/12/2018
Trotsky: Temporada 1: EpisÃ³dio 1,,,,17/12/2018
Amor Ocasional: Temporada 1: O plano decisivo,,,,14/12/2018
Amor Ocasional: Temporada 1: O plano solitÃ¡rio,,,,14/12/2018
Amor Ocasional: Temporada 1: O plano meia-boca,,,,14/12/2018
Amor Ocasional: Temporada 1: O plano da festa,,,,14/12/2018
Amor Ocasional: Temporada 1: O plano amoroso,,,,14/12/2018
Amor Ocasional: Temporada 1: O plano genial,,,,14/12/2018
Amor Ocasional: Temporada 1: O plano desleixado,,,,14/12/2018
Amor Ocasional: Temporada 1: O plano secreto,,,,14/12/2018
"DÃ¡ LicenÃ§a, SaÃºde: Temporada 2: Mantenha-se hidratado",,,,14/12/2018
"DÃ¡ LicenÃ§a, SaÃºde: Temporada 2: Novas bolas",,,,14/12/2018
"DÃ¡ LicenÃ§a, SaÃºde: Temporada 2: Frantisek Kotzwara",,,,14/12/2018
"DÃ¡ LicenÃ§a, SaÃºde: Temporada 2: MudanÃ§a repentina",,,,14/12/2018
O MÃ©todo Kominsky: Temporada 1: CapÃ­tulo 1: Um ator evita,,,,14/12/2018
"DÃ¡ LicenÃ§a, SaÃºde: Temporada 1: Canja de galinha caipira",,,,10/12/2018
"DÃ¡ LicenÃ§a, SaÃºde: Temporada 1: Modo aviÃ£o",,,,10/12/2018
Mogli - Entre Dois Mundos,,,,08/12/2018
"DÃ¡ LicenÃ§a, SaÃºde: Temporada 1: O grÃ£o dourado",,,,07/12/2018
"DÃ¡ LicenÃ§a, SaÃºde: Temporada 1: Janina Kolkiewicz",,,,07/12/2018
"DÃ¡ LicenÃ§a, SaÃºde: Temporada 1: Continue jogando",,,,07/12/2018
"DÃ¡ LicenÃ§a, SaÃºde: Temporada 1: Rainha de copas",,,,07/12/2018
Cam,,,,07/12/2018
22 de Julho,,,,29/11/2018
O Turista,,,,29/11/2018
Vai Anitta: Temporada 1: EpisÃ³dio 1,,,,23/11/2018
O FeitiÃ§o do Natal,,,,17/11/2018
RuPaul's Drag Race: Temporada 9: Catou o que era dela e lacrou,,,,28/10/2018
RuPaul's Drag Race: Temporada 9: Ai minha Santa Gaga!,,,,28/10/2018
The Good Place: Temporada 1: O grito eterno,,,,19/10/2018
OperaÃ§Ã£o Final,,,,12/10/2018
Bastardos InglÃ³rios,,,,08/10/2018
Ele estÃ¡ de volta,,,,08/10/2018
Sierra Burgess Ã© uma Loser,,,,07/10/2018
Homem-Formiga,,,,07/10/2018
Felicidade por um Fio,,,,07/10/2018
Barbie Butterfly e a Princesa Fairy,,,,07/10/2018
Barbie Fairytopia - Mermaidia,,,,07/10/2018
O Fabuloso Destino de AmÃ©lie Poulain,,,,07/09/2018
Nuestros Amantes,,,,05/09/2018
Explicando: Temporada 1: O orgasmo feminino,,,,03/09/2018
Clair Obscur,,,,03/09/2018
VestÃ­gios do Dia,,,,03/09/2018
The Discovery,,,,02/09/2018
Better Call Saul: Temporada 4: Fale,,,,01/09/2018
Lore,,,,01/09/2018
O Autor,,,,30/08/2018
(Des)encanto: Parte 1: Ao vosso elfo sejais verdadeiro,,,,29/08/2018
(Des)encanto: Parte 1: Os limites da imortalidade,,,,29/08/2018
(Des)encanto: Parte 1: Problemas do coraÃ§Ã£o,,,,29/08/2018
(Des)encanto: Parte 1: PÃ¢ntano e circunstÃ¢ncia,,,,29/08/2018
"(Des)encanto: Parte 1: Vai, princesa! Mata! Mata!",,,,29/08/2018
(Des)encanto: Parte 1: Festa no castelo (com massacre),,,,28/08/2018
InvisÃ­vel,,,,28/08/2018
(Des)encanto: Parte 1: A princesa da escuridÃ£o,,,,27/08/2018
(Des)encanto: Parte 1: Por quem o porco grunhe,,,,26/08/2018
DiÃ¡rio de uma Camareira,,,,26/08/2018
Better Call Saul: Temporada 4: Algo lindo,,,,26/08/2018
RefÃ©m da PaixÃ£o,,,,26/08/2018
NÃ£o Olhe Para TrÃ¡s,,,,25/08/2018
Insatiable: Temporada 1: WMBS,,,,25/08/2018
Insatiable: Temporada 1: Miss Vaqueira Sem Sela,,,,25/08/2018
Insatiable: Temporada 1: A magreza Ã© mÃ¡gica,,,,25/08/2018
Insatiable: Temporada 1: Piloto,,,,25/08/2018
"(Des)encanto: Parte 1: Uma princesa, um elfo e um diabo entram num bar",,,,24/08/2018
A Sociedade LiterÃ¡ria e a Torta de Casca de Batata,,,,21/08/2018
Explicando: Temporada 1: A diferenÃ§a de riqueza entre brancos e negros,,,,21/08/2018
Better Call Saul: Temporada 4: Respire,,,,19/08/2018
Better Call Saul: Temporada 4: FumaÃ§a,,,,19/08/2018
Sociedade dos poetas mortos,,,,17/08/2018
O Protetor,,,,06/08/2018
Explicando: Temporada 1: Tatuagens,,,,05/08/2018
NOVA: Hackers da MemÃ³ria,,,,05/08/2018
Explicando: Temporada 1: !,,,,04/08/2018
Explicando: Temporada 1: Vida extraterrestre,,,,04/08/2018
Explicando: Temporada 1: Maconha,,,,04/08/2018
O CaÃ§ador e a Rainha do Gelo,,,,04/08/2018
Explicando: Temporada 1: CrÃ­quete,,,,03/08/2018
Minimalism: A Documentary About the Important Things,,,,03/08/2018
Sr. Sherlock Holmes,,,,03/08/2018
Yoga - Arquitetura da Paz,,,,03/08/2018
"Para Roma, com amor",,,,01/08/2018
Atypical: Temporada 1: A caracterÃ­stica silenciadora da neve,,,,30/07/2018
ExtinÃ§Ã£o,,,,30/07/2018
Atypical: Temporada 1: Esse moletom Ã© meu,,,,30/07/2018
Atypical: Temporada 1: Hora de agasalhar o croquete,,,,30/07/2018
Atypical: Temporada 1: O pobre AlmÃ´ndega morreu,,,,30/07/2018
Explicando: Temporada 1: DNA projetado,,,,29/07/2018
Atypical: Temporada 1: Uma fÃªmea humana,,,,29/07/2018
Atypical: Temporada 1: AntÃ¡rtida,,,,29/07/2018
It's Now or Never,,,,28/07/2018
February,,,,28/07/2018
Um Contratempo,,,,28/07/2018
Apenas Duas Noites,,,,28/07/2018
Perdas e Danos,,,,28/07/2018
Tomorrowland: Um Lugar Onde nada Ã ImpossÃ­vel,,,,27/07/2018
Onde os fracos nÃ£o tÃªm vez,,,,27/07/2018
O Aviso,,,,24/07/2018
BoJack Horseman: Temporada 1: A trama A virou trama D,,,,24/07/2018
"BoJack Horseman: Temporada 1: Corra Diane Nguyen, corra",,,,24/07/2018
BoJack Horseman: Temporada 1: Entre Zoe e Zelda,,,,24/07/2018
A Sacada,,,,23/07/2018
Encalhados,,,,22/07/2018
BoJack Horseman: Temporada 1: A filha prÃ³diga,,,,18/07/2018
"BoJack Horseman: Temporada 1: BoJack, o traidor da pÃ¡tria",,,,18/07/2018
"BoJack Horseman: Temporada 1: Filho de cavalo, pÃ´nei Ã©",,,,17/07/2018
BoJack Horseman: Temporada 1: Cavalo com abalo,,,,17/07/2018
BoJack Horseman: Temporada 1: O telescÃ³pio,,,,17/07/2018
BoJack Horseman: Temporada 1: Diga qualquer coisa,,,,17/07/2018
"BoJack Horseman: Temporada 1: BoJack Horseman: Temporada 1: A histÃ³ria de BoJack, capÃ­tulo 1",,,,16/07/2018
Friends: Temporada 9: Aquele com o pediatra,,,,16/07/2018
Friends: Temporada 9: Aquele em que Emma chora,,,,16/07/2018
Os MercenÃ¡rios 3,,,,13/07/2018
Friends: Temporada 2: Aquele dos cinco bifes e uma berinjela,,,,12/07/2018
Friends: Temporada 2: Aquele com o marido da Phoebe,,,,12/07/2018
Friends: Temporada 2: Aquele em que Heckles morre,,,,12/07/2018
Friends: Temporada 2: Aquele do leite materno,,,,12/07/2018
Friends: Temporada 2: Aquele com a nova namorada do Ross,,,,12/07/2018
Friends: Temporada 2: Aquele em que Eddie se muda para o apartamento,,,,12/07/2018
Friends: Temporada 2: Aquele em que Joey sai do apartamento,,,,12/07/2018
Friends: Temporada 2: Aquele quando o Ross e a Rachel... sabe como Ã©,,,,12/07/2018
Friends: Temporada 2: Aquele com o vÃ­deo da formatura,,,,12/07/2018
Friends: Temporada 2: Aquele depois do Super Bowl: Parte 2,,,,12/07/2018
Friends: Temporada 2: Aquele depois do Super Bowl: Parte 1,,,,12/07/2018
Friends: Temporada 2: Aquele com o casamento lÃ©sbico,,,,12/07/2018
Friends: Temporada 2: Aquele com o Russ,,,,12/07/2018
Friends: Temporada 2: Aquele com o pai da Phoebe,,,,12/07/2018
Friends: Temporada 2: Aquele da lista,,,,11/07/2018
Friends: Temporada 2: Aquele em que Ross fica sabendo,,,,11/07/2018
Friends: Temporada 2: Aquele com o bebÃª no Ã´nibus,,,,10/07/2018
Friends: Temporada 4: Aquele do convite,,,,10/07/2018
Friends: Temporada 4: Aquele com todos os vestidos de noiva,,,,10/07/2018
Friends: Temporada 4: Aquele da pressa,,,,10/07/2018
Friends: Temporada 4: Aquele do vestido novo da Rachel,,,,10/07/2018
Friends: Temporada 4: Aquele com a pornografia de graÃ§a,,,,10/07/2018
Friends: Temporada 4: Aquele da festa de despedida,,,,10/07/2018
Friends: Temporada 4: Aquele do rugby,,,,10/07/2018
Friends: Temporada 4: Aquele sobre o dia sujo do Joey,,,,10/07/2018
Friends: Temporada 4: Aquele com a paquera da Rachel,,,,10/07/2018
Friends: Temporada 4: Aquele com os embriÃµes,,,,10/07/2018
Friends: Temporada 4: Aquele com o Ãºtero da Phoebe,,,,10/07/2018
Friends: Temporada 4: Aquele com a garota de Poughkeepsie,,,,10/07/2018
Friends: Temporada 4: Aquele em que eles vÃ£o se divertir,,,,10/07/2018
Friends: Temporada 4: Aquele do Chandler na caixa,,,,10/07/2018
Friends: Temporada 4: Aquele em que Chandler passa dos limites,,,,10/07/2018
Friends: Temporada 4: Aquele com a garota suja,,,,10/07/2018
Friends: Temporada 4: Aquele com a nova namorada do Joey,,,,10/07/2018
Friends: Temporada 4: Aquele da danÃ§a de salÃ£o,,,,10/07/2018
Friends: Temporada 4: Aquele com as algemas,,,,10/07/2018
Friends: Temporada 4: Aquele com o gato,,,,10/07/2018
Friends: Temporada 4: Aquele com a Ã¡gua-viva,,,,09/07/2018
Friends: Temporada 4: Aquele com o casamento do Ross: Parte 2,,,,09/07/2018
Friends: Temporada 4: Aquele com o casamento do Ross: Parte 1,,,,09/07/2018
Friends: Temporada 4: Aquele do pior padrinho de todos os tempos,,,,09/07/2018
Friends: Temporada 5: Aquele em Vegas: Parte 1,,,,09/07/2018
Friends: Temporada 5: Aquele com a grande chance do Joey,,,,09/07/2018
Friends: Temporada 5: Aquele da bola,,,,09/07/2018
Friends: Temporada 7: Aquele dos votos,,,,09/07/2018
Friends: Temporada 7: Aquele com o beijo da Rachel,,,,09/07/2018
Friends: Temporada 7: Aquele com a prima da Monica e do Ross,,,,09/07/2018
Friends: Temporada 7: Aquele com o prÃªmio do Joey,,,,09/07/2018
Friends: Temporada 7: Aquele do vestido de noiva barato,,,,09/07/2018
Friends: Temporada 7: Aquele da verdade sobre Londres,,,,09/07/2018
Friends: Temporada 7: Aquele com o novo cÃ©rebro do Joey,,,,09/07/2018
Friends: Temporada 7: Aquele em que todos fazem 30 anos,,,,09/07/2018
Friends: Temporada 7: Aquele em que Rosita morre,,,,09/07/2018
Friends: Temporada 7: Aquele em que eles ficam acordados a noite toda,,,,09/07/2018
Friends: Temporada 7: Aquele com os cheesecakes,,,,09/07/2018
Ultimate Homem-Aranha: Temporada 1: Grande poder,,,,08/07/2018
Champions: Temporada 1: Acho que vou tolerar esse lugar,,,,08/07/2018
Champions: Temporada 1: Piloto,,,,08/07/2018
VinganÃ§a ao Anoitecer,,,,06/07/2018
Secret City: Uma doaÃ§Ã£o para a luta,,,,06/07/2018
Kiss Me First: Temporada 1: Alguma coisa ela fez,,,,05/07/2018
Prenda-Me Se for Capaz,,,,03/07/2018
Ashby,,,,03/07/2018
A Chefa,,,,02/07/2018
Amityville: O Despertar,,,,02/07/2018
La playa de los ahogados,,,,02/07/2018
Neve Negra,,,,02/07/2018
Chappie,,,,02/07/2018
Um hotel bom pra cachorro,,,,02/07/2018
"Pizza, Cerveja, Cigarro",,,,02/07/2018
O Bar,,,,01/07/2018
Explicando: Temporada 1: Campeonato de games,,,,01/07/2018
Manhunt: Unabomber: Provas ilÃ­citas,,,,01/07/2018
Manhunt: Unabomber: Pura aqua,,,,01/07/2018
Manhunt: Unabomber: ForÃ§a-tarefa UNABOM,,,,01/07/2018
Face a Face: Temporada 1: Jobs vs Gates,,,,01/07/2018
Trocando as Bolas,,,,01/07/2018
O Plano Imperfeito,,,,30/06/2018
Nerve,,,,30/06/2018
"Se enlouquecer, nÃ£o se apaixone",,,,30/06/2018
O Leitor,,,,30/06/2018
Corpo Fechado,,,,29/06/2018
Explicando: Temporada 1: Monogamia,,,,28/06/2018
Explicando: Temporada 1: Criptomoedas,,,,28/06/2018
Explicando: Temporada 1: K-Pop,,,,27/06/2018
Explicando: Temporada 1: Porque as dietas dÃ£o errado,,,,27/06/2018
Explicando: Temporada 1: O mercado de aÃ§Ãµes,,,,27/06/2018
Minority Report - A Nova Lei,,,,27/06/2018
Quem foi? - A SÃ©rie: Temporada 1: Isaac Newton e Amelia Earhart,,,,27/06/2018
O solista,,,,27/06/2018
Archer: Temporada 1: Piloto: CaÃ§ando um espiÃ£o duplo,,,,27/06/2018
Archer: Temporada 1: Matando Utne,,,,27/06/2018
Archer: Temporada 1: HoneyPot,,,,27/06/2018
Archer: Temporada 1: Diversidade,,,,27/06/2018
La casa de papel: Parte 1: EpisÃ³dio 1,,,,26/06/2018
Os IncrÃ­veis,,,,26/06/2018
Archer: Temporada 1: Dia de treino,,,,26/06/2018
Naruto: Temporada 1: My Name Is Konohamaru!,,,,26/06/2018
Naruto: Temporada 1: Enter: Naruto Uzumaki!,,,,26/06/2018
Mortdecai: A Arte da TrapaÃ§a,,,,25/06/2018
Aggretsuko: Temporada 1: Casamento,,,,25/06/2018
Borges: Temporada 1: Borges,,,,25/06/2018
O Vazio: Temporada 1: Colrath,,,,24/06/2018
O Vazio: Temporada 1: Casulo,,,,24/06/2018
O Vazio: Temporada 1: Gelo,,,,24/06/2018
O Vazio: Temporada 1: O enigma,,,,24/06/2018
O Vazio: Temporada 1: Mortos-vivos,,,,24/06/2018
O Vazio: Temporada 1: Ishibo,,,,24/06/2018
O Vazio: Temporada 1: O farol,,,,24/06/2018
Era uma vez: Temporada 1: Almas desesperadas,,,,24/06/2018
Era uma vez: Temporada 1: CoraÃ§Ã£o Ã© um caÃ§ador solitÃ¡rio,,,,24/06/2018
O Vazio: Temporada 1: Apocalipse,,,,24/06/2018
O Vazio: Temporada 1: O deserto,,,,23/06/2018
Era uma vez: Temporada 1: O pastor,,,,23/06/2018
Era uma vez: Temporada 1: A voz interior,,,,23/06/2018
Era uma vez: Temporada 1: O preÃ§o da magia,,,,23/06/2018
Era uma vez: Temporada 1: Neve e paixÃ£o,,,,23/06/2018
O Vazio: Temporada 1: O quarto,,,,23/06/2018
Era uma vez: Temporada 1: Aquilo que vocÃª mais ama,,,,23/06/2018
Era uma vez: Temporada 1: Piloto,,,,23/06/2018
Deixe-me entrar,,,,23/06/2018
Orange Is the New Black: Temporada 1: Eu nÃ£o estava pronta,,,,23/06/2018
A Entidade 2,,,,23/06/2018
LÃ­da BaarovÃ¡,,,,23/06/2018
"Suits: Temporada 4: CafÃ©, almoÃ§o e janta",,,,22/06/2018
"Suits: Temporada 4: Um, dois, trÃªs e jÃ¡!",,,,22/06/2018
Suits: Temporada 1: Piloto: partes 1 e 2,,,,22/06/2018
Dirk Gently's Holistic Detective Agency: Temporada 2: Belo casaco,,,,20/06/2018
Dirk Gently's Holistic Detective Agency: Temporada 2: O problema Ã© sÃ©rio,,,,20/06/2018
"Dirk Gently's Holistic Detective Agency: Temporada 2: Baixinha, de cabelo preto",,,,20/06/2018
Dirk Gently's Holistic Detective Agency: Temporada 2: Isso nÃ£o Ã© Miami,,,,20/06/2018
Dirk Gently's Holistic Detective Agency: Temporada 2: Poder feminino,,,,20/06/2018
Borges: Temporada 1: Canal do leste europeu,,,,19/06/2018
Borges: Temporada 1: O fiscal,,,,19/06/2018
Borges: Temporada 1: Evento de anime,,,,19/06/2018
"Borges: Temporada 1: Gay, fÃ£ ou assaltante?",,,,19/06/2018
Dirk Gently's Holistic Detective Agency: Temporada 2: Formas e cores,,,,18/06/2018
"Borges: Temporada 1: Borges, enquanto isso...",,,,18/06/2018
Borges: Temporada 1: Exame periÃ³dico,,,,18/06/2018
Borges: Temporada 1: Tapicrepe,,,,18/06/2018
Borges: Temporada 1: ReligiÃ£o,,,,18/06/2018
Borges: Temporada 1: Viral,,,,18/06/2018
Dirk Gently's Holistic Detective Agency: Temporada 2: A casa dentro da casa,,,,18/06/2018
Os IntocÃ¡veis,,,,17/06/2018
Dirk Gently's Holistic Detective Agency: Temporada 2: Dois dedos quebrados,,,,17/06/2018
Dirk Gently's Holistic Detective Agency: Temporada 2: FÃ£s de cÃ­rculos molhados,,,,17/06/2018
Dirk Gently's Holistic Detective Agency: Temporada 2: Coelho espacial,,,,17/06/2018
Dirk Gently's Holistic Detective Agency: Temporada 1: Dois caras normais,,,,16/06/2018
"Dirk Gently's Holistic Detective Agency: Temporada 1: Sua alma, sua arma",,,,16/06/2018
Dirk Gently's Holistic Detective Agency: Temporada 1: Consertando tudo,,,,16/06/2018
Dirk Gently's Holistic Detective Agency: Temporada 1: Muito ereto,,,,16/06/2018
Billions: Temporada 1: Fechando o cerco,,,,16/06/2018
Stranger Things: Stranger Things 2: CapÃ­tulo nove: O portal,,,,15/06/2018
Stranger Things: Stranger Things 2: CapÃ­tulo oito: O Devorador de Mentes,,,,15/06/2018
Stranger Things: Stranger Things 2: CapÃ­tulo sete: A irmÃ£ perdida,,,,15/06/2018
Stranger Things: Stranger Things 2: CapÃ­tulo seis: O espiÃ£o,,,,14/06/2018
Stranger Things: Stranger Things 2: CapÃ­tulo cinco: Dig Dug,,,,14/06/2018
"Stranger Things: Stranger Things 2: CapÃ­tulo quatro: Will, o sÃ¡bio",,,,14/06/2018
Billions: Temporada 1: Piloto,,,,14/06/2018
Stranger Things: Stranger Things 2: CapÃ­tulo trÃªs: O girino,,,,13/06/2018
"Stranger Things: Stranger Things 2: CapÃ­tulo dois: Gostosura ou travessura, aberraÃ§Ã£o",,,,13/06/2018
Stranger Things: Stranger Things 2: CapÃ­tulo um: Mad Max,,,,13/06/2018
Stranger Things: CapÃ­tulo oito: De ponta-cabeÃ§a,,,,12/06/2018
Stranger Things: CapÃ­tulo sete: A banheira,,,,12/06/2018
Stranger Things: CapÃ­tulo seis: O monstro,,,,12/06/2018
Stranger Things: CapÃ­tulo cinco: A pulga e o acrobata,,,,12/06/2018
Vanilla Sky,,,,12/06/2018
Stranger Things: CapÃ­tulo quatro: O corpo,,,,11/06/2018
Stranger Things: CapÃ­tulo trÃªs: Caramba,,,,11/06/2018
Stranger Things: CapÃ­tulo dois: A estranha da Maple Street,,,,11/06/2018
Stranger Things: CapÃ­tulo um: O desaparecimento de Will Byers,,,,11/06/2018
Caminho a La Paz,,,,11/06/2018
ProfissÃ£o de Risco,,,,07/06/2018
Sherlock: Temporada 2: A queda de Reichenbach,,,,03/06/2018
Sherlock: Temporada 2: Um escÃ¢ndalo em BelgrÃ¡via,,,,03/06/2018
Sherlock: Temporada 2: Os cÃ£es de Baskerville,,,,03/06/2018
Sherlock: Temporada 1: O grande jogo,,,,03/06/2018
Sherlock: Temporada 1: O banqueiro cego,,,,02/06/2018
Sherlock: Temporada 1: Um estudo em rosa,,,,02/06/2018
DÃ¡lia negra,,,,01/06/2018
O Poder e a Lei,,,,01/06/2018
Scoop,,,,01/06/2018
Ponto Final - Match Point,,,,01/06/2018
Na Natureza Selvagem,,,,30/05/2018
MissÃ£o: ImpossÃ­vel - Protocolo Fantasma,,,,30/05/2018
MissÃ£o: ImpossÃ­vel 3,,,,30/05/2018
A Cartada Final,,,,29/05/2018
MissÃ£o impossÃ­vel 2,,,,28/05/2018
Toc Toc,,,,28/05/2018
O experimento de Milgram,,,,28/05/2018
Bonequinha de luxo,,,,28/05/2018
Fuga de Alcatraz,,,,27/05/2018
Colateral,,,,26/05/2018
O Ãltimo Ato,,,,26/05/2018
GuardiÃµes da GalÃ¡xia,,,,26/05/2018
LÃ¡ VÃªm os Pais,,,,26/05/2018
Anti-HerÃ³is,,,,26/05/2018
MissÃ£o impossÃ­vel,,,,26/05/2018
A Mexicana,,,,25/05/2018
A lista de Schindler,,,,24/05/2018
As duas faces de um crime,,,,23/05/2018
MerlÃ­: Temporada 3: EpisÃ³dio 14,,,,23/05/2018
MerlÃ­: Temporada 3: EpisÃ³dio 13,,,,23/05/2018
MerlÃ­: Temporada 3: EpisÃ³dio 12,,,,23/05/2018
MerlÃ­: Temporada 3: EpisÃ³dio 11,,,,23/05/2018
MerlÃ­: Temporada 3: EpisÃ³dio 10,,,,23/05/2018
A soma de todos os medos,,,,23/05/2018
Tudo por dinheiro,,,,21/05/2018
Babel,,,,21/05/2018
MerlÃ­: Temporada 3: EpisÃ³dio 9,,,,21/05/2018
MerlÃ­: Temporada 3: EpisÃ³dio 8,,,,21/05/2018
Ã Procura,,,,21/05/2018
A firma,,,,20/05/2018
MerlÃ­: Temporada 3: EpisÃ³dio 7,,,,18/05/2018
MerlÃ­: Temporada 3: EpisÃ³dio 6,,,,18/05/2018
MerlÃ­: Temporada 3: EpisÃ³dio 5,,,,18/05/2018
MerlÃ­: Temporada 3: EpisÃ³dio 4,,,,18/05/2018
A Cor de um Crime,,,,18/05/2018
MerlÃ­: Temporada 3: EpisÃ³dio 3,,,,18/05/2018
MerlÃ­: Temporada 3: EpisÃ³dio 2,,,,17/05/2018
MerlÃ­: Temporada 3: EpisÃ³dio 1,,,,16/05/2018
MerlÃ­: Temporada 2: EpisÃ³dio 13,,,,16/05/2018
MerlÃ­: Temporada 2: EpisÃ³dio 12,,,,16/05/2018
MerlÃ­: Temporada 2: EpisÃ³dio 11,,,,15/05/2018
MerlÃ­: Temporada 2: EpisÃ³dio 10,,,,15/05/2018
O Sol Ã© para Todos,,,,15/05/2018
MerlÃ­: Temporada 2: EpisÃ³dio 9,,,,14/05/2018
Salvando o Capitalismo,,,,12/05/2018
Tratamento de choque,,,,11/05/2018
O Que Fazemos nas Sombras,,,,11/05/2018
MerlÃ­: Temporada 2: EpisÃ³dio 8,,,,11/05/2018
MerlÃ­: Temporada 2: EpisÃ³dio 7,,,,11/05/2018
MerlÃ­: Temporada 2: EpisÃ³dio 6,,,,10/05/2018
MerlÃ­: Temporada 2: EpisÃ³dio 5,,,,10/05/2018
Big Mouth: Temporada 1: RÃ©quiem para um sonho erÃ³tico,,,,09/05/2018
MerlÃ­: Temporada 2: EpisÃ³dio 4,,,,08/05/2018
MerlÃ­: Temporada 2: EpisÃ³dio 3,,,,08/05/2018
MerlÃ­: Temporada 2: EpisÃ³dio 2,,,,07/05/2018
MerlÃ­: Temporada 2: EpisÃ³dio 1,,,,07/05/2018
Top Gun - Ases IndomÃ¡veis,,,,07/05/2018
MerlÃ­: Temporada 1: Nietzsche,,,,06/05/2018
MerlÃ­: Temporada 1: Hume,,,,06/05/2018
MerlÃ­: Temporada 1: Os sofistas,,,,06/05/2018
MerlÃ­: Temporada 1: Os cÃ©ticos,,,,06/05/2018
MerlÃ­: Temporada 1: Epicuro,,,,05/05/2018
MerlÃ­: Temporada 1: Guy Debord,,,,04/05/2018
Dois caras legais,,,,04/05/2018
MerlÃ­: Temporada 1: Foucault,,,,02/05/2018
MerlÃ­: Temporada 1: Schopenhauer,,,,02/05/2018
MerlÃ­: Temporada 1: SÃ³crates,,,,02/05/2018
MerlÃ­: Temporada 1: AristÃ³teles,,,,02/05/2018
MerlÃ­: Temporada 1: Maquiavel,,,,01/05/2018
MerlÃ­: Temporada 1: PlatÃ£o,,,,01/05/2018
MerlÃ­: Temporada 1: Os peripatÃ©ticos,,,,01/05/2018
Whiplash - Em Busca da PerfeiÃ§Ã£o,,,,01/05/2018
O Abutre,,,,28/04/2018
O Casamento do Ano,,,,27/04/2018
Dude - A Vida Ã© Assim,,,,27/04/2018
Requiem for the American Dream,,,,26/04/2018
Aggretsuko: Temporada 1: Parasita,,,,22/04/2018
Aggretsuko: Temporada 1: Uma garota esforÃ§ada,,,,22/04/2018
Aggretsuko: Temporada 1: Um dia na vida de Retsuko,,,,22/04/2018
Fullmetal Alchemist: Brotherhood: Parte 5: Um contra-ataque feroz,,,,19/04/2018
Fullmetal Alchemist: Brotherhood: Parte 5: Aquele que engoliria Deus,,,,19/04/2018
"Fullmetal Alchemist: Brotherhood: Parte 5: Olho do cÃ©u, portÃ£o da Terra",,,,19/04/2018
Fullmetal Alchemist: Brotherhood: Parte 5: O fim da jornada,,,,18/04/2018
Fullmetal Alchemist: Brotherhood: Parte 5: O outro lado do portÃ£o,,,,18/04/2018
Fullmetal Alchemist: Brotherhood: Parte 5: Luz perdida,,,,18/04/2018
O Lobo de Wall Street,,,,18/04/2018
Yu-Gi-Oh!: Temporada 1: O primeiro duelo,,,,16/04/2018
Waffle Street,,,,15/04/2018
B: The Beginning: Temporada 1: EpisÃ³dio 5,,,,05/04/2018
B: The Beginning: Temporada 1: EpisÃ³dio 4,,,,05/04/2018
Fullmetal Alchemist: Brotherhood: Parte 5: SacrifÃ­cios,,,,05/04/2018
Take Your Pills,,,,03/04/2018
Fullmetal Alchemist: Brotherhood: Parte 5: Descanso eterno,,,,02/04/2018
Capitalismo - Uma HistÃ³ria de Amor,,,,01/04/2018
Fullmetal Alchemist: Brotherhood: Parte 5: A volta do FÃ¼hrer,,,,31/03/2018
Fullmetal Alchemist: Brotherhood: Parte 5: O modo de viver adulto,,,,30/03/2018
Fullmetal Alchemist: Brotherhood: Parte 5: AlÃ©m do inferno,,,,30/03/2018
Fullmetal Alchemist: Brotherhood: Parte 5: Chama da vinganÃ§a,,,,29/03/2018
Fullmetal Alchemist: Brotherhood: Parte 4: ForÃ§a conjunta,,,,28/03/2018
Fullmetal Alchemist: Brotherhood: Parte 4: A legiÃ£o imortal,,,,28/03/2018
Fullmetal Alchemist: Brotherhood: Parte 4: ConfusÃ£o na Central,,,,28/03/2018
Fullmetal Alchemist: Brotherhood: Parte 4: Afeto de filho,,,,28/03/2018
Fullmetal Alchemist: Brotherhood: Parte 4: O juramento no tÃºnel,,,,27/03/2018
Fullmetal Alchemist: Brotherhood: Parte 4: EmissÃ¡rio da escuridÃ£o,,,,27/03/2018
Fullmetal Alchemist: Brotherhood: Parte 4: Sombras ameaÃ§adoras,,,,27/03/2018
Fullmetal Alchemist: Brotherhood: Parte 4: O dia prometido,,,,27/03/2018
Fullmetal Alchemist: Brotherhood: Parte 4: A todo vapor,,,,27/03/2018
Fullmetal Alchemist: Brotherhood: Parte 4: A mordida da formiga,,,,27/03/2018
Fullmetal Alchemist: Brotherhood: Parte 4: Sinais de um contra-ataque,,,,27/03/2018
Fullmetal Alchemist: Brotherhood: Parte 4: O abismo,,,,26/03/2018
Fullmetal Alchemist: Brotherhood: Parte 4: HomÃºnculo (conflito em Baschool),,,,26/03/2018
Fullmetal Alchemist: Brotherhood: Parte 3: Devaneio,,,,26/03/2018
Fullmetal Alchemist: Brotherhood: Parte 3: Conflito em Baschool,,,,25/03/2018
Fullmetal Alchemist: Brotherhood: Parte 3: O primeiro homÃºnculo,,,,25/03/2018
Fullmetal Alchemist: Brotherhood: Parte 3: Retrato de famÃ­lia,,,,25/03/2018
Perda Total,,,,25/03/2018
Fullmetal Alchemist: Brotherhood: Parte 3: A forma deste paÃ­s,,,,24/03/2018
Fullmetal Alchemist: Brotherhood: Parte 3: Rainha do gelo,,,,24/03/2018
Fullmetal Alchemist: Brotherhood: Parte 3: Muralha norte de Briggs,,,,24/03/2018
Fullmetal Alchemist: Brotherhood: Parte 3: O filho do FÃ¼hrer,,,,24/03/2018
Fullmetal Alchemist: Brotherhood: Parte 3: A promessa dos 520 cens,,,,24/03/2018
Fullmetal Alchemist: Brotherhood: Parte 3: Guerra de extermÃ­nio de Ishval,,,,24/03/2018
Fullmetal Alchemist: Brotherhood: Parte 3: EsforÃ§o do tolo,,,,22/03/2018
Fullmetal Alchemist: Brotherhood: Parte 3: Pai,,,,21/03/2018
Fullmetal Alchemist: Brotherhood: Parte 3: InterlÃºdio,,,,21/03/2018
Fullmetal Alchemist: Brotherhood: Parte 2: ReuniÃ£o,,,,21/03/2018
Fullmetal Alchemist: Brotherhood: Parte 2: PortÃ£o da escuridÃ£o,,,,21/03/2018
Fullmetal Alchemist: Brotherhood: Parte 2: Dentro da barriga,,,,21/03/2018
Fullmetal Alchemist: Brotherhood: Parte 2: Garota no campo de batalha,,,,21/03/2018
Fullmetal Alchemist: Brotherhood: Parte 2: Costas Ã  distÃ¢ncia,,,,20/03/2018
Fullmetal Alchemist: Brotherhood: Parte 2: AvanÃ§o do tolo,,,,20/03/2018
Fullmetal Alchemist: Brotherhood: Parte 2: Pai em frente ao tÃºmulo,,,,20/03/2018
Fullmetal Alchemist: Brotherhood: Parte 2: A morte do imortal,,,,20/03/2018
Fullmetal Alchemist: Brotherhood: Parte 2: A mÃ£o arrogante de um pequeno humano,,,,19/03/2018
Fullmetal Alchemist: Brotherhood: Parte 2: Chama fria,,,,19/03/2018
Fullmetal Alchemist: Brotherhood: Parte 2: Passos de um companheiro,,,,18/03/2018
GÃªnio indomÃ¡vel,,,,18/03/2018
Fullmetal Alchemist: Brotherhood: Parte 2: EmissÃ¡rios vindos do leste,,,,18/03/2018
B: The Beginning: Temporada 1: EpisÃ³dio 3,,,,16/03/2018
Fullmetal Alchemist: Brotherhood: Parte 2: Os que espreitam do subterrÃ¢neo,,,,12/03/2018
Fullmetal Alchemist: Brotherhood: Parte 1: Feras de Dublith,,,,10/03/2018
"Fullmetal Alchemist: Brotherhood: Parte 1: Um Ã© tudo, tudo Ã© um",,,,10/03/2018
Fullmetal Alchemist: Brotherhood: Parte 1: Milagre em Rush Valley,,,,10/03/2018
Fullmetal Alchemist: Brotherhood: Parte 1: Destinos opostos,,,,10/03/2018
Fullmetal Alchemist: Brotherhood: Parte 1: Sentimentos criados,,,,10/03/2018
Fullmetal Alchemist: Brotherhood: Parte 1: O  laboratÃ³rio,,,,10/03/2018
Fullmetal Alchemist: Brotherhood: Parte 1: Verdades veladas,,,,09/03/2018
Fullmetal Alchemist: Brotherhood: Parte 1: Caminho de esperanÃ§a,,,,09/03/2018
Fullmetal Alchemist: Brotherhood: Parte 1: Chuva de tristeza,,,,08/03/2018
Ele nÃ£o estÃ¡ tÃ£o a fim de vocÃª,,,,08/03/2018
OperaÃ§Ã£o Big Hero,,,,07/03/2018
Fome de Poder,,,,04/03/2018
That '70s Show: Temporada 1: Piloto,,,,25/02/2018
Looper: Assassinos do Futuro,,,,25/02/2018
"Joel McHale Show com Joel McHale: Temporada 1 - Parte 1: Sangue, suor e acidentes",,,,24/02/2018
Monty Python - O Sentido da Vida,,,,24/02/2018
Entrando numa fria,,,,24/02/2018
O Ditador,,,,17/02/2018
"Eu, eu mesmo & Irene",,,,11/02/2018
Curtindo a Vida Adoidado,,,,09/02/2018
Bright,,,,09/02/2018
Donnie Darko,,,,04/02/2018
Dark: Temporada 1: Segredos,,,,16/01/2018
Clube da Luta,,,,12/12/2017
Rick and Morty: Temporada 2: Fratura temporal,,,,08/12/2017
Django Livre,,,,24/11/2017
Apartment 23: Temporada 1: Garotas detestÃ¡veis...,,,,23/11/2017
Apartment 23: Temporada 1: Filhinha de papai...,,,,23/11/2017
Apartment 23: Temporada 1: Piloto,,,,23/11/2017
Psicopata americano,,,,19/11/2017
One-Punch Man: Temporada 1: O ciborgue solitÃ¡rio,,,,19/11/2017
House of Cards: Temporada 1: CapÃ­tulo 1,,,,19/11/2017
Casa comigo?,,,,18/11/2017
One-Punch Man: Temporada 1: O homem mais poderoso,,,,18/11/2017
Rick and Morty: Temporada 1: NegÃ³cio arriscado,,,,11/11/2017
Rick and Morty: Temporada 1: Contatos imediatos,,,,11/11/2017
Rick and Morty: Temporada 1: Uma loja do diabo,,,,11/11/2017
Rick and Morty: Temporada 1: Realidade alternativa,,,,11/11/2017
Rick and Morty: Temporada 1: O pequeno Gazorpazorp,,,,11/11/2017
House of Cards: Temporada 1: CapÃ­tulo 4,,,,11/11/2017
House of Cards: Temporada 1: CapÃ­tulo 3,,,,11/11/2017
House of Cards: Temporada 1: CapÃ­tulo 2,,,,11/11/2017
VersÃµes de um Crime,,,,10/11/2017
O Universo de Stranger Things: Universo 2: IncrÃ­vel,,,,04/11/2017
Perfume - A histÃ³ria de um assassino,,,,27/10/2017
(500) Dias com Ela,,,,27/08/2017
Nu,,,,22/08/2017
Um Dia,,,,21/08/2017
Lucifer: Temporada 1: Me leve de volta ao Inferno,,,,20/08/2017
Lucifer: Temporada 1: #EquipeLucifer,,,,20/08/2017
Lucifer: Temporada 1: Santo Lucifer,,,,19/08/2017
Lucifer: Temporada 1: Pops,,,,19/08/2017
Lucifer: Temporada 1: Um padre entra no bar,,,,19/08/2017
"Lucifer: Temporada 1: AtÃ© tu, Doutora?",,,,19/08/2017
Lucifer: Temporada 1: Parceiro,,,,19/08/2017
Lucifer: Temporada 1: Filho favorito,,,,19/08/2017
Lucifer: Temporada 1: Sapatos,,,,18/08/2017
Lucifer: Temporada 1: Novidades masculinas,,,,18/08/2017
Trainspotting - Sem Limites,,,,18/08/2017
Lucifer: Temporada 1: O quase PrÃ­ncipe das Trevas,,,,13/08/2017
"Lucifer: Temporada 1: Fica, Lucifer. Bom Diabo.",,,,13/08/2017
Lucifer: Temporada 1: Piloto,,,,13/08/2017
"Jogos, trapaÃ§as e dois canos fumegantes",,,,29/07/2017
Taxi Driver,,,,25/07/2017
O MÃ­nimo para Viver,,,,24/07/2017
Batman - O Cavaleiro das Trevas Ressurge,,,,24/07/2017
One-Punch Man: Temporada 1: O herÃ³i mais forte,,,,24/07/2017
One-Punch Man: Temporada 1: Conquistador do universo,,,,24/07/2017
DiÃ¡rio de um Jornalista BÃªbado,,,,13/07/2017
A pele que habito,,,,11/07/2017
O Profissional,,,,02/06/2017
O Show de Truman - O Show da Vida,,,,28/05/2017
CÃ£es de aluguel,,,,28/05/2017
Os Simpsons - O Filme,,,,26/05/2017
Old Boy,,,,21/05/2017
Better Call Saul: Temporada 3: Mabel,,,,18/05/2017
Better Call Saul: Temporada 2: O click da desforra,,,,18/05/2017
Better Call Saul: Temporada 2: Na roda da fortuna,,,,18/05/2017
Better Call Saul: Temporada 1: Marco,,,,18/05/2017
Better Call Saul: Temporada 2: Fifi,,,,08/05/2017
Better Call Saul: Temporada 2: InflÃ¡vel,,,,01/05/2017
Better Call Saul: Temporada 2: Luar de Bali Ha'i,,,,30/04/2017
Better Call Saul: Temporada 2: Rebecca,,,,30/04/2017
Better Call Saul: Temporada 2: Gancho,,,,27/04/2017
Better Call Saul: Temporada 2: Amarillo,,,,26/04/2017
Better Call Saul: Temporada 2: Torta Cremosa,,,,22/04/2017
Better Call Saul: Temporada 2: Vivendo a vida,,,,22/04/2017
Better Call Saul: Temporada 1: Pimento,,,,21/04/2017
Better Call Saul: Temporada 1: Rico,,,,16/04/2017
Better Call Saul: Temporada 1: Bingo,,,,14/04/2017
Better Call Saul: Temporada 1: Passado,,,,14/04/2017
Better Call Saul: Temporada 1: Pastor,,,,14/04/2017
Better Call Saul: Temporada 1: HerÃ³i,,,,14/04/2017
Better Call Saul: Temporada 1: Nacho,,,,14/04/2017
Better Call Saul: Temporada 1: Filho,,,,14/04/2017
Better Call Saul: Temporada 1: Uno,,,,14/04/2017
Matrix,,,,08/04/2017
Marvel - Punho de Ferro: Temporada 1: A neve abre caminho,,,,31/03/2017
Breaking Bad: Temporada 1: Piloto,,,,31/03/2017
Narcos: Temporada 1: ChorarÃ¡s lÃ¡grimas de sangue,,,,28/02/2017
Narcos: Temporada 1: Explosivos,,,,28/02/2017
Narcos: Temporada 1: HaverÃ¡ um futuro,,,,27/02/2017
Narcos: Temporada 1: O palÃ¡cio em chamas,,,,27/02/2017
Narcos: Temporada 1: Os homens de sempre,,,,26/02/2017
Narcos: Temporada 1: A espada de SimÃ³n BolÃ­var,,,,26/02/2017
Narcos: Temporada 1: A chegada,,,,26/02/2017
Supernatural: Temporada 1: Piloto,,,,19/02/2017
Little Miss Sunshine,,,,03/02/2017
Black Mirror: Temporada 3: Odiados pela naÃ§Ã£o,,,,27/01/2017
Black Mirror: Temporada 3: Engenharia reversa,,,,27/01/2017
Black Mirror: Temporada 3: San Junipero,,,,27/01/2017
Black Mirror: Temporada 3: Manda quem pode,,,,26/01/2017
Black Mirror: Temporada 3: VersÃ£o de testes,,,,26/01/2017
Black Mirror: Temporada 3: Queda livre,,,,26/01/2017
Beleza americana,,,,21/01/2017
Bleach: The Substitute: EpisÃ³dio 1,,,,05/01/2017